<c:FragmentDefinition 
		
	xmlns="sap.ui.table"
	xmlns:mvc="sap.ui.core.mvc"
	xmlns:u="sap.ui.unified"
	xmlns:c="sap.ui.core"
	xmlns:m="sap.m"
    height="100%">
<!--	<Panel id="PanelSocieadades">
		
		<Table id="tableSoc" items="{jsonSoc>/}">
			<headerToolbar>
				<OverflowToolbar>

					<Button id="saveButton" text="Save" type="Transparent"
							press="onSave" visible="false" />

				</OverflowToolbar>
			</headerToolbar>
			<columns>
			<Column>
				<header>
					<Label text="{i18n>ID}"/>
				</header>
			</Column>
			<Column>
				<header>
					<Label text="{i18n>Descripcion}"/>
				</header>
			</Column>
						<Column>
				<header>
					<Label text="{i18n>CIF}"/>
				</header>
			</Column>
			<Column width="80px" id="editSoc" demandPopin="true" vAlign="Middle"/>
			</columns>
			<items>
				<ColumnListItem 	>
					<cells >
						<Label  text= "{jsonSoc>ID}"/>
						<Label text= "{jsonSoc>DESCRIPCION}"/>
						<Label text= "{jsonSoc>CIF}"/>
						<Button id="editButton"
								icon="sap-icon://edit"
								class="sapUiMediumMarginBeginEnd" press="onEditSoc"/>
					
					</cells>
				</ColumnListItem>
			</items>
		</Table> 
		
	</Panel>-->

	<m:Page
		showHeader="false"
		enableScrolling="false"
		>
		<m:content>
			<Table id='tableSoc'
				rows="{jsonSoc>/}"
				ariaLabelledBy="title">
				<extension>
					<m:OverflowToolbar style="Clear">
						<m:Title id="title" text="Sociedades Grupo Renfe"/>
					</m:OverflowToolbar>
				</extension>
				<columns>
					<Column width='12rem'>
						<m:Label text="{i18n>ID}" />
						<template>
							<m:Text text="{jsonSoc>ZID}"  wrapping="false" />
						</template>
					</Column>
					<Column >
						<m:Label text="{i18n>descripcion}" />
						<template>
							<m:Input id='DescNewx' value="{jsonSoc>DESCRIPCION}"   />
						</template>
					</Column>
					<Column>
						<m:Label text="{i18n>CIF}" />
						<template>
							<m:Input value="{jsonSoc>CIF}"/>
						</template>
					</Column>
					<Column  width='5rem'>
						<m:Label text="{i18n>save}" />
						<template>
							<m:Button id='save' icon="sap-icon://save" press='onSave'/>
						
						</template>
						</Column>
						<Column  width='5rem'>
							<m:Label text="{i18n>delete}"/>
						<template>
							<m:Button id='delete' icon="sap-icon://delete" press='onDelete'/>
							</template>
					</Column>
				</columns>
			</Table>
		</m:content>
	</m:Page>

	

</c:FragmentDefinition>