<edmx:Edmx xmlns:edmx="http://schemas.microsoft.com/ado/2007/06/edmx" Version="1.0">
	<edmx:DataServices xmlns:m="http://schemas.microsoft.com/ado/2007/08/dataservices/metadata" m:DataServiceVersion="2.0">
		<Schema xmlns:d="http://schemas.microsoft.com/ado/2007/08/dataservices"
			xmlns:m="http://schemas.microsoft.com/ado/2007/08/dataservices/metadata" xmlns="http://schemas.microsoft.com/ado/2008/09/edm"
			Namespace="com.renfe.renfe_lms.loading_process.services">
			<EntityType Name="ComponenteDelCosteSetType">
				<Key><PropertyRef Name="ID"/></Key><Property Name="ID" Type="Edm.String" Nullable="false" MaxLength="30"/><Property Name="TEXTO" Type="Edm.String" Nullable="false" MaxLength="100"/><Property Name="TIPO" Type="Edm.String" MaxLength="1"/><Property Name="LAST_DATE" Type="Edm.DateTime" Nullable="false"/></EntityType>
			<EntityType Name="HorasGestionCursoSetType">
				<Key><PropertyRef Name="DURACION"/></Key><Property Name="DURACION" Type="Edm.String" Nullable="false" MaxLength="10"/><Property Name="HORAS" Type="Edm.String" MaxLength="10"/><Property Name="LAST_DATE" Type="Edm.DateTime" Nullable="false"/></EntityType>
			<EntityType Name="ProveedoresSetType">
				<Key><PropertyRef Name="ID"/></Key><Property Name="ID" Type="Edm.Int32" Nullable="false"/><Property Name="DESCRIPCION" Type="Edm.String" Nullable="false" MaxLength="100"/><Property Name="FECHA_INICIO" Type="Edm.String" MaxLength="10"/><Property Name="FECHA_FIN" Type="Edm.String" MaxLength="10"/><Property Name="CIF" Type="Edm.String" Nullable="false" MaxLength="100"/><Property Name="LAST_DATE" Type="Edm.DateTime" Nullable="false"/></EntityType>
			<EntityType Name="SociedadesSetType">
				<Key><PropertyRef Name="ID"/></Key><Property Name="ID" Type="Edm.Int32" Nullable="false"/><Property Name="DESCRIPCION" Type="Edm.String" Nullable="false" MaxLength="100"/><Property Name="CIF" Type="Edm.String" Nullable="false" MaxLength="100"/><Property Name="LAST_DATE" Type="Edm.DateTime" Nullable="false"/></EntityType>
			<EntityType Name="ZociedadesSetType">
				<Key><PropertyRef Name="ZID"/></Key><Property Name="ZID" Type="Edm.Int32" Nullable="false"/><Property Name="DESCRIPCION" Type="Edm.String" Nullable="false" MaxLength="100"/><Property Name="CIF" Type="Edm.String" Nullable="false" MaxLength="100"/><Property Name="LAST_DATE" Type="Edm.DateTime" Nullable="false"/></EntityType>
			
			
			<EntityContainer Name="renfe_lms_loading_process" m:IsDefaultEntityContainer="true"><EntitySet Name="ComponenteDelCosteSet" EntityType="com.renfe.renfe_lms.loading_process.services.ComponenteDelCosteSetType"/><EntitySet Name="HorasGestionCursoSet" EntityType="com.renfe.renfe_lms.loading_process.services.HorasGestionCursoSetType"/><EntitySet Name="ProveedoresSet" EntityType="com.renfe.renfe_lms.loading_process.services.ProveedoresSetType"/><EntitySet Name="SociedadesSet" EntityType="com.renfe.renfe_lms.loading_process.services.SociedadesSetType"/><EntitySet Name="ZsociedadesSet" EntityType="com.renfe.renfe_lms.loading_process.services.ZsociedadesSetType"/></EntityContainer>
		</Schema>
	</edmx:DataServices>
</edmx:Edmx>